[
    {
        "nr": 1,
        "poster": "https://m.media-amazon.com/images/M/MV5BMDFkYTc0MGEtZmNhMC00ZDIzLWFmNTEtODM1ZmRlYWMwMWFmXkEyXkFqcGdeQXVyMTMxODk2OTU@._V1_UX182_CR0,0,182,268_AL_.jpg",
        "title": "The Shawshank Redemption",
        "data": "1994",
        "actors": "Morgan Freeman,Tim Robbins",
        "directors": "Frank Darabont",
        "rating": "⭐ 9,3",
        "link": "https://www.imdb.com/title/tt0111161/?pf_rd_m=A2FGELUUNOQJNL&pf_rd_p=e31d89dd-322d-4646-8962-327b42fe94b1&pf_rd_r=B4W8YX7YK2E8TMSD98XR&pf_rd_s=center-1&pf_rd_t=15506&pf_rd_i=top&ref_=chttp_tt_1"
        
    },





    {
        "nr": 2,
        "poster": "https://m.media-amazon.com/images/M/MV5BNGNhMDIzZTUtNTBlZi00MTRlLWFjM2ItYzViMjE3YzI5MjljXkEyXkFqcGdeQXVyNzkwMjQ5NzM@._V1_UY268_CR1,0,182,268_AL_.jpg",
        "title": "Pulp Fiction",
        "data": "1994",
        "actors": "John Travolta",
        "directors": "Quentin Tarantino",
        "rating": "⭐ 8,8",
        "link": "https://www.imdb.com/title/tt0110912/?ref_=tt_sims_tt"
    },


    {
        "nr": 3,
        "poster": "https://m.media-amazon.com/images/M/MV5BNWIwODRlZTUtY2U3ZS00Yzg1LWJhNzYtMmZiYmEyNmU1NjMzXkEyXkFqcGdeQXVyMTQxNzMzNDI@._V1_UY268_CR1,0,182,268_AL_.jpg",
        "title": "Forrest Gump",
        "data": "1994",
        "actors": " Tom Hanks, Robin Wright",
        "directors": "Robert Zemeckis",
        "rating": "⭐ 8,8",
        "link": "https://www.imdb.com/title/tt0109830/?ref_=tt_sims_tt"
    },


    {
        "nr": 4,
        "poster": "https://m.media-amazon.com/images/M/MV5BN2EyZjM3NzUtNWUzMi00MTgxLWI0NTctMzY4M2VlOTdjZWRiXkEyXkFqcGdeQXVyNDUzOTQ5MjY@._V1_UX182_CR0,0,182,268_AL_.jpg",
        "title": "The Lord of the Rings: The Fellowship of the Ring",
        "data": "2001",
        "actors": " Elijah Wood, Ian McKellen, Orlando Bloom",
        "directors": " Peter Jackson",
        "rating": "⭐ 8,8",
        "link": "https://www.imdb.com/title/tt0120737/"
    },

    {
        "nr": 5,
        "poster": "https://m.media-amazon.com/images/M/MV5BZGMxZTdjZmYtMmE2Ni00ZTdkLWI5NTgtNjlmMjBiNzU2MmI5XkEyXkFqcGdeQXVyNjU0OTQ0OTY@._V1_UX182_CR0,0,182,268_AL_.jpg",
        "title": "The Lord of the Rings: The Two Towers",
        "data": "2002",
        "actors": " Elijah Wood, Ian McKellen, Orlando Bloom",
        "directors": " Peter Jackson",
        "rating": "⭐ 8,7",
        "link": "https://www.imdb.com/title/tt0167261/?ref_=tt_sims_tt"
    },

    {
        "nr": 6,
        "poster": "https://m.media-amazon.com/images/M/MV5BNzA5ZDNlZWMtM2NhNS00NDJjLTk4NDItYTRmY2EwMWZlMTY3XkEyXkFqcGdeQXVyNzkwMjQ5NzM@._V1_UX182_CR0,0,182,268_AL_.jpg",
        "title": "The Lord of the Rings: The Return of the King",
        "data": "2003",
        "actors": " Elijah Wood, Ian McKellen, Viggo Mortensen",
        "directors": " Peter Jackson",
        "rating": "⭐ 8,9",
        "link": "https://www.imdb.com/title/tt0167260/?ref_=tt_sims_tt"
    },


    {
        "nr": 7,
        "poster": "https://m.media-amazon.com/images/M/MV5BNDE4OTMxMTctNmRhYy00NWE2LTg3YzItYTk3M2UwOTU5Njg4XkEyXkFqcGdeQXVyNjU0OTQ0OTY@._V1_UX182_CR0,0,182,268_AL_.jpg",
        "title": "Schindler's List",
        "data": "1993",
        "actors": "  Liam Neeson, Ralph Fiennes, Ben Kingsley ",
        "directors": " Steven Spielberg",
        "rating": "⭐ 8,9",
        "link": "https://www.imdb.com/title/tt0108052/?ref_=tt_sims_tt"
    }

] 

